Topic 0,neutral rate ,bank independ ,latin america ,financi educ ,macroprudenti polici ,averag inflat ,central clear ,financi decis ,leverag loan ,protect consum
Topic 1,headlin inflat ,oper risk ,senior manag ,neutral rate ,basel framework ,financi turmoil ,price discoveri ,labor cost ,credit deriv ,lender last
Topic 2,neutral rate ,macroprudenti polici ,headlin inflat ,margin requir ,asset bubbl ,lender last ,central clear ,interest price ,simpl rule ,task forc
Topic 3,develop countri ,longrun inflat ,senior manag ,neutral rate ,oper risk ,credit deriv ,recent event ,afford hous ,world bank ,ten year
Topic 4,neutral rate ,central clear ,margin requir ,volcker rule ,longterm debt ,countercycl capit ,incom wealth ,macroprudenti polici ,recent event ,protect consum
Topic 5,neutral rate ,price bubbl ,credit product ,central clear ,oper risk ,margin requir ,labor cost ,commun organ ,frbu model ,equilibrium real
Topic 6,neutral rate ,central clear ,mortgag servic ,macroprudenti polici ,longrun inflat ,financi educ ,financi disrupt ,senior manag ,capit assess ,headlin inflat
Topic 7,credit deriv ,mortgag servic ,senior manag ,financi educ ,intern control ,develop countri ,forward rate ,basel framework ,oper risk ,incent compens
Topic 8,neutral rate ,macroprudenti polici ,capit assess ,develop countri ,advers scenario ,longterm unemploy ,central clear ,bank independ ,macroprudenti tool ,otc deriv
Topic 9,neutral rate ,asset bubbl ,treasuri market ,equilibrium real ,incent compens ,financi educ ,monei fund ,student loan ,financi turmoil ,toobigtofail problem
Topic 10,neutral rate ,oper risk ,monei fund ,margin requir ,equilibrium real ,corpor govern ,central clear ,securit market ,basel framework ,headlin inflat
Topic 11,neutral rate ,task forc ,incom wealth ,treasuri market ,central clear ,rural area ,new normal ,sheet normal ,fed balanc ,neutral real